Origin Img Path,Trimmed_Imgs Names,STD Red Origin,STD Red Trimmed,STD Green Origin,STD Green Trimmed,STD Blue Origin,STD Blue Trimmed,Accuracy,Luxes
new_images/NORMAL/airbuds/airbuds_1.jpg,NORMAL_airbuds_1.jpg,38.1914255120032,74.09800185974613,38.36893711279862,77.9316156918263,38.55565151685145,70.37753464345376,0.97251725,1613.0
new_images/NORMAL/airbuds/airbuds_10.jpg,NORMAL_airbuds_10.jpg,36.81974903867262,71.71494748985691,36.65670821732697,72.06972678368692,37.002855968511255,75.77077024502371,0.98176116,1108.0
new_images/NORMAL/airbuds/airbuds_11.jpg,NORMAL_airbuds_11.jpg,35.73433997748585,71.23313415816406,35.92651804157788,70.30276228880344,36.08357900758895,74.28165016775516,0.97881854,1047.0
new_images/NORMAL/airbuds/airbuds_12.jpg,NORMAL_airbuds_12.jpg,36.51316537441971,71.06056746647336,36.42308851309237,74.63745032730955,36.63230365147738,67.26825637979854,0.9605865,983.0
new_images/NORMAL/airbuds/airbuds_13.jpg,NORMAL_airbuds_13.jpg,32.63290074353642,64.80961717258846,32.79887132457297,63.93480330800136,32.767527815619175,65.04585364501722,0.9573718,927.0
new_images/NORMAL/airbuds/airbuds_14.jpg,NORMAL_airbuds_14.jpg,37.13269807850631,72.40809253329554,37.2373664193788,72.08546627207309,37.358782222953934,75.31858693991332,0.9817078,860.0
new_images/NORMAL/airbuds/airbuds_15.jpg,NORMAL_airbuds_15.jpg,31.97702999105157,63.92735570074202,32.13942235224215,63.72106261719011,31.90669254750463,67.82987361263285,0.9792731,790.0
new_images/NORMAL/airbuds/airbuds_16.jpg,NORMAL_airbuds_16.jpg,30.68055240399109,62.68018367561056,30.819929135628367,63.15912839304251,30.89992808333954,66.55461888827834,0.9839522,719.0
new_images/NORMAL/airbuds/airbuds_17.jpg,NORMAL_airbuds_17.jpg,31.01069700914598,63.22530229681391,30.985521862704957,62.09641861709241,31.01602961183047,66.75082666769211,0.9799709,649.0
new_images/NORMAL/airbuds/airbuds_18.jpg,NORMAL_airbuds_18.jpg,29.57627445778912,60.66066518213512,29.564888583586384,60.01605170465883,29.63486219620596,62.88502562109015,0.9806669,574.0
new_images/NORMAL/airbuds/airbuds_19.jpg,NORMAL_airbuds_19.jpg,31.58846032362584,61.03146651484665,31.38803033947529,60.01784823392975,31.52033012101079,61.30317270087646,0.97972274,494.0
new_images/NORMAL/airbuds/airbuds_2.jpg,NORMAL_airbuds_2.jpg,37.98995404464242,72.86102421413952,38.10154672259803,73.41863583565224,38.523921114951264,76.68284997288094,0.9829636,1558.0
new_images/NORMAL/airbuds/airbuds_20.jpg,NORMAL_airbuds_20.jpg,36.029162564141046,68.38991010169357,36.255507005066754,68.60093108225892,36.17089666336873,67.84498863482354,0.9688624,416.0
new_images/NORMAL/airbuds/airbuds_21.jpg,NORMAL_airbuds_21.jpg,32.952259055071806,62.04122882466203,32.78691539299869,62.1938934139933,32.82260399988601,62.12930716922446,0.97895706,337.6
new_images/NORMAL/airbuds/airbuds_22.jpg,NORMAL_airbuds_22.jpg,19.031449311227,42.14486199171897,18.78821701932975,41.897617151249904,18.85890306530019,41.71310956939193,0.93205386,256.1
new_images/NORMAL/airbuds/airbuds_23.jpg,NORMAL_airbuds_23.jpg,32.885498487972924,61.79951473033927,33.00178042305932,62.16981481734764,32.473815544029534,61.30382391934286,0.98370373,173.4
new_images/NORMAL/airbuds/airbuds_24.jpg,NORMAL_airbuds_24.jpg,39.48395770669923,73.40441181778512,39.57817422519639,73.66975967456159,39.60880211343321,72.88762413697447,0.982147,88.1
new_images/NORMAL/airbuds/airbuds_25.jpg,NORMAL_airbuds_25.jpg,38.22789968508029,71.5204879287017,38.312850707314745,70.96245962809071,38.10296493736081,70.47254374081761,0.9740794,175.1
new_images/NORMAL/airbuds/airbuds_26.jpg,NORMAL_airbuds_26.jpg,29.99641117133385,61.56145694437656,30.00659758182357,61.34513041285884,30.06725020862441,64.1060755394238,0.9835031,260.9
new_images/NORMAL/airbuds/airbuds_27.jpg,NORMAL_airbuds_27.jpg,32.23778299287227,65.07817007143058,32.08041526382145,64.56205410476787,32.13684567475221,67.54901069644298,0.983377,344.7
new_images/NORMAL/airbuds/airbuds_28.jpg,NORMAL_airbuds_28.jpg,34.093555924185374,67.55087047718328,34.16440707862425,66.91913378158426,34.47930135925353,72.70173736933246,0.96429855,428.0
new_images/NORMAL/airbuds/airbuds_29.jpg,NORMAL_airbuds_29.jpg,33.25025496949257,66.02579957111257,33.2609056812945,66.60725818854102,33.25655173081977,69.66287011306164,0.9774527,510.0
new_images/NORMAL/airbuds/airbuds_3.jpg,NORMAL_airbuds_3.jpg,37.62751605933515,73.25986467421879,37.79681652990797,73.40124001737448,38.25283889020163,77.15147629531897,0.9717248,1503.0
new_images/NORMAL/airbuds/airbuds_30.jpg,NORMAL_airbuds_30.jpg,34.883371710796254,69.66175994044401,34.764291119160575,69.399708904646,34.85483287175175,68.57898499172676,0.9753482,594.0
new_images/NORMAL/airbuds/airbuds_31.jpg,NORMAL_airbuds_31.jpg,37.20148670340572,72.60158519970867,36.94746058594555,72.85300021010035,37.11002872231216,76.66891435843,0.98464686,672.0
new_images/NORMAL/airbuds/airbuds_32.jpg,NORMAL_airbuds_32.jpg,38.097010514814606,75.14441007510476,38.21379002495026,74.6766694508617,38.3678113302936,75.07919434589138,0.98479366,752.0
new_images/NORMAL/airbuds/airbuds_33.jpg,NORMAL_airbuds_33.jpg,38.09259546149429,74.27268323191545,38.31627714725368,74.04859168710297,38.60592688517633,78.30964047985633,0.9784328,798.0
new_images/NORMAL/airbuds/airbuds_34.jpg,NORMAL_airbuds_34.jpg,37.29648106725352,73.76092104515016,37.43989390185213,75.72093233592634,37.77186940623085,68.36671664887739,0.97531104,827.0
new_images/NORMAL/airbuds/airbuds_35.jpg,NORMAL_airbuds_35.jpg,36.55063709629508,72.1777891851239,36.52562137170983,72.13391642263616,36.78256272765729,75.61901445335924,0.9826577,901.0
new_images/NORMAL/airbuds/airbuds_36.jpg,NORMAL_airbuds_36.jpg,38.857934946598014,77.40066664089873,39.01092518706288,79.59420068387762,39.4629518152434,71.59533838113317,0.98378366,973.0
new_images/NORMAL/airbuds/airbuds_37.jpg,NORMAL_airbuds_37.jpg,39.1878617789038,76.89988064861475,39.1612801593012,77.00530254234528,39.93775002216025,80.26673146913421,0.9757577,1037.0
new_images/NORMAL/airbuds/airbuds_38.jpg,NORMAL_airbuds_38.jpg,38.63412481114124,75.38435797041583,38.52956977327389,75.13354548445369,38.95785065431827,76.15667299482033,0.97999954,1104.0
new_images/NORMAL/airbuds/airbuds_39.jpg,NORMAL_airbuds_39.jpg,38.32764978372237,75.80955305299862,38.58203739024287,76.4592296768282,38.9487973511913,78.12432636746617,0.9711339,1170.0
new_images/NORMAL/airbuds/airbuds_4.jpg,NORMAL_airbuds_4.jpg,38.64393173793131,75.11990847795538,38.46838526293577,74.53994826453811,38.62920673458974,79.70770254407867,0.9735258,1448.0
new_images/NORMAL/airbuds/airbuds_40.jpg,NORMAL_airbuds_40.jpg,37.49170710129906,72.63397305825062,37.394563806728975,73.3094419674382,37.856523092639925,77.02572016245861,0.978264,1235.0
new_images/NORMAL/airbuds/airbuds_41.jpg,NORMAL_airbuds_41.jpg,38.24713728898503,74.23414076926528,38.26732450169134,75.44467160805773,38.70390767268601,78.18364417846185,0.9747236,1299.0
new_images/NORMAL/airbuds/airbuds_42.jpg,NORMAL_airbuds_42.jpg,38.09197947049628,75.0056580623608,38.0911232814091,74.48039955301192,38.57358565672456,75.02033407509917,0.9693568,1359.0
new_images/NORMAL/airbuds/airbuds_43.jpg,NORMAL_airbuds_43.jpg,38.53000874113346,74.76900663119066,38.636399036870216,75.2330369667562,39.09840233441984,77.99227533071526,0.9809667,1419.0
new_images/NORMAL/airbuds/airbuds_44.jpg,NORMAL_airbuds_44.jpg,38.29941871693073,74.78266704864598,38.15089830746672,75.25012111750915,38.82007244572527,78.37234824655293,0.9751364,1474.0
new_images/NORMAL/airbuds/airbuds_45.jpg,NORMAL_airbuds_45.jpg,38.24559654890932,75.09700240062953,38.33755049266682,75.5698623063963,38.75738975236422,78.54154990360746,0.98315716,1531.0
new_images/NORMAL/airbuds/airbuds_46.jpg,NORMAL_airbuds_46.jpg,37.61589988285424,74.45572149941478,37.80401942318582,74.3816677047,38.25752003862996,78.17872692573802,0.9850218,1583.0
new_images/NORMAL/airbuds/airbuds_47.jpg,NORMAL_airbuds_47.jpg,37.59405178419146,74.44924882912859,37.70167897086577,73.52927457111879,38.089089486934085,77.52637457015024,0.97714657,1635.0
new_images/NORMAL/airbuds/airbuds_5.jpg,NORMAL_airbuds_5.jpg,38.188970308473245,74.76009935045384,37.84976316011775,77.02441978706219,38.42590149207166,69.65105956489401,0.9780845,1393.0
new_images/NORMAL/airbuds/airbuds_6.jpg,NORMAL_airbuds_6.jpg,37.55906457041124,73.21910661382994,37.40821725078521,72.93975691221088,37.93781827616812,76.74471330987126,0.9827804,1338.0
new_images/NORMAL/airbuds/airbuds_7.jpg,NORMAL_airbuds_7.jpg,38.02448726100315,74.12735685481663,38.28803472881655,74.53247749790154,38.34883721799426,77.08060644933178,0.98120713,1283.0
new_images/NORMAL/airbuds/airbuds_8.jpg,NORMAL_airbuds_8.jpg,37.30053781821085,72.90838776960813,37.29078676801789,73.36106529719562,37.40231835341061,77.2785228244259,0.98129916,1226.0
new_images/NORMAL/airbuds/airbuds_9.jpg,NORMAL_airbuds_9.jpg,38.00696550743473,73.71287934091437,37.80699643653895,73.87655436449496,38.296243504938005,77.32126041680102,0.9752705,1171.0
new_images/NORMAL/arduino/arduino_1.jpg,NORMAL_arduino_1.jpg,31.78386080054022,75.68323294876345,31.750456853668524,81.67471694168182,31.116637375008533,55.53067663926645,0.97088397,1613.0
new_images/NORMAL/arduino/arduino_10.jpg,NORMAL_arduino_10.jpg,27.323000778241354,71.50619685023081,26.84554371046225,63.75664662862966,26.460393392752653,67.44862134399197,0.9657559,1108.0
new_images/NORMAL/arduino/arduino_11.jpg,NORMAL_arduino_11.jpg,26.06922908068267,70.61416843237934,25.912968058102628,63.80732119413899,25.87322901287099,64.95139327636437,0.98057896,1047.0
new_images/NORMAL/arduino/arduino_12.jpg,NORMAL_arduino_12.jpg,27.839173504332365,72.1240915898032,27.468036971602142,65.01042123487436,27.480838573727656,68.67257223795959,0.9798461,983.0
new_images/NORMAL/arduino/arduino_13.jpg,NORMAL_arduino_13.jpg,28.869789685104934,76.15374508269464,28.59418040052517,69.91780472876835,28.639713984436707,71.6239243152611,0.95412296,927.0
new_images/NORMAL/arduino/arduino_14.jpg,NORMAL_arduino_14.jpg,27.183044937952875,70.04363180035439,26.929621889436632,65.12096935532033,26.58366240326628,64.2494192641103,0.98564476,860.0
new_images/NORMAL/arduino/arduino_15.jpg,NORMAL_arduino_15.jpg,28.466155984867083,75.48114907910558,28.216976457740238,68.01411749732198,28.09476391694031,72.69539872753391,0.9730792,790.0
new_images/NORMAL/arduino/arduino_16.jpg,NORMAL_arduino_16.jpg,27.568677912307688,68.76860427065053,27.104179441736964,73.19945048029584,27.14451912447941,64.32930039172577,0.9801656,719.0
new_images/NORMAL/arduino/arduino_17.jpg,NORMAL_arduino_17.jpg,24.63667784141621,61.93208078525584,24.534643834198768,68.92368147527525,24.237761793118796,58.24245704685414,0.98430663,649.0
new_images/NORMAL/arduino/arduino_18.jpg,NORMAL_arduino_18.jpg,27.37552953959617,69.59262531193242,27.279180632629974,71.67653467675943,26.986478917548396,67.63040465337734,0.99062085,574.0
new_images/NORMAL/arduino/arduino_19.jpg,NORMAL_arduino_19.jpg,23.873635704911678,64.61134411776477,23.927587266335845,59.7755744525397,23.637304007044683,60.56806813000242,0.9944763,494.0
new_images/NORMAL/arduino/arduino_2.jpg,NORMAL_arduino_2.jpg,28.54527341870473,74.43324132010872,28.762892632231942,67.2701763073439,28.36895092426243,71.35532903191785,0.97500676,1558.0
new_images/NORMAL/arduino/arduino_20.jpg,NORMAL_arduino_20.jpg,26.5786800394393,69.52213816099504,26.324200601849032,68.65625318069127,26.157074267585223,70.28187755592249,0.99051285,416.0
new_images/NORMAL/arduino/arduino_21.jpg,NORMAL_arduino_21.jpg,25.158859470900968,63.75767025607252,25.13317575312559,64.02766290810118,24.96436314195364,64.38855756185322,0.99021786,337.6
new_images/NORMAL/arduino/arduino_22.jpg,NORMAL_arduino_22.jpg,12.830030840104191,43.18525786166453,12.590962991558031,43.02192695733037,12.49246144208356,42.256982000725536,0.9621598,256.1
new_images/NORMAL/arduino/arduino_23.jpg,NORMAL_arduino_23.jpg,25.15488892874995,64.3529909091531,25.296697275262343,63.74253871860659,24.60301541627169,65.25759453157272,0.9831108,173.4
new_images/NORMAL/arduino/arduino_24.jpg,NORMAL_arduino_24.jpg,31.678027902233616,76.26718863528514,31.29434110359291,74.71484508531762,31.16912862100985,77.14052149184262,0.9590124,88.1
new_images/NORMAL/arduino/arduino_25.jpg,NORMAL_arduino_25.jpg,28.768335864931423,72.0344555895893,28.62944530385868,74.95510610450496,28.38335236292614,67.16155231379234,0.9921354,175.1
new_images/NORMAL/arduino/arduino_26.jpg,NORMAL_arduino_26.jpg,25.414553636740976,64.55521157467625,25.03772015490938,66.25122503905214,24.702556941427023,63.53104073088718,0.9930997,260.9
new_images/NORMAL/arduino/arduino_27.jpg,NORMAL_arduino_27.jpg,27.03467580696418,68.64234201332647,26.6867198544427,69.74506406347935,26.409113585691298,67.09745737051348,0.9928038,344.7
new_images/NORMAL/arduino/arduino_28.jpg,NORMAL_arduino_28.jpg,23.56289353569912,66.85846425585608,23.46338258105727,59.720879141811984,23.388858692495027,58.910596430580384,0.98769665,428.0
new_images/NORMAL/arduino/arduino_29.jpg,NORMAL_arduino_29.jpg,24.62581638953479,67.76396558062464,24.476779395019868,60.64576574362778,24.29545425017244,57.69351271159115,0.98909396,510.0
new_images/NORMAL/arduino/arduino_3.jpg,NORMAL_arduino_3.jpg,28.49519309656173,74.19155356554991,28.29041151657229,66.74421326479953,27.671434077201145,71.35129770962915,0.9746931,1503.0
new_images/NORMAL/arduino/arduino_30.jpg,NORMAL_arduino_30.jpg,27.11551612629796,72.30349216844473,27.057495367375665,67.49758224994636,26.668038123008728,66.53882264098904,0.9764842,594.0
new_images/NORMAL/arduino/arduino_31.jpg,NORMAL_arduino_31.jpg,27.18293181253917,71.10419302549643,27.05636369964332,64.40377772829841,26.60000986261769,65.60884589310552,0.97969115,672.0
new_images/NORMAL/arduino/arduino_32.jpg,NORMAL_arduino_32.jpg,28.023725033222373,72.40603739284738,27.567709494458068,68.21173006967416,27.4832687598909,68.06864876788178,0.98608303,752.0
new_images/NORMAL/arduino/arduino_33.jpg,NORMAL_arduino_33.jpg,27.132189231896348,72.00597787116726,26.77434510040452,66.90077442599895,26.381809275120958,66.53115095235253,0.9836205,798.0
new_images/NORMAL/arduino/arduino_34.jpg,NORMAL_arduino_34.jpg,27.331290988724614,73.0817089139121,27.020717779743784,66.64074462702563,26.93566280148969,65.29183962018266,0.98119414,827.0
new_images/NORMAL/arduino/arduino_35.jpg,NORMAL_arduino_35.jpg,26.678491292910383,70.14602159856022,26.6077294302257,62.674004629881885,26.092252119349958,64.15805090256923,0.9816694,901.0
new_images/NORMAL/arduino/arduino_36.jpg,NORMAL_arduino_36.jpg,29.147561525485195,75.62779374542006,29.13579972999945,71.32518387014304,28.784200135997104,71.33964583393623,0.97968316,973.0
new_images/NORMAL/arduino/arduino_37.jpg,NORMAL_arduino_37.jpg,27.85036695148848,69.65217591710876,27.76613310610419,73.00394204889487,27.266713703988565,67.21550510213264,0.9825713,1037.0
new_images/NORMAL/arduino/arduino_38.jpg,NORMAL_arduino_38.jpg,29.28111078138637,71.9836289195632,29.118628686028195,74.27264116089111,28.84397653997952,71.03439544624224,0.98184556,1104.0
new_images/NORMAL/arduino/arduino_39.jpg,NORMAL_arduino_39.jpg,29.441801628971728,73.2283428903668,29.38518695670848,70.13106615121556,28.655596989274684,69.95043991601801,0.96878135,1170.0
new_images/NORMAL/arduino/arduino_4.jpg,NORMAL_arduino_4.jpg,27.681604031823937,72.50557585849016,27.52826798391872,65.67692304488195,27.25831888785185,68.98137161784604,0.9722909,1448.0
new_images/NORMAL/arduino/arduino_40.jpg,NORMAL_arduino_40.jpg,27.686486653417703,71.48184681925444,27.590762250339942,67.9319214769872,27.457821188951687,66.35761699558938,0.9865225,1235.0
new_images/NORMAL/arduino/arduino_41.jpg,NORMAL_arduino_41.jpg,27.7216569800842,71.95582029457901,27.45836227728481,68.03447554387698,27.133768424030027,66.4505375612269,0.97950125,1299.0
new_images/NORMAL/arduino/arduino_42.jpg,NORMAL_arduino_42.jpg,28.190460780076933,73.63933667662168,27.84420027243965,67.61193732718951,27.94538268802642,70.4551192753143,0.97658134,1359.0
new_images/NORMAL/arduino/arduino_43.jpg,NORMAL_arduino_43.jpg,28.865386398334497,74.10007854500827,28.884350605068885,71.17756232901844,28.46286498509456,69.61406100762716,0.97895294,1419.0
new_images/NORMAL/arduino/arduino_44.jpg,NORMAL_arduino_44.jpg,29.94764206798423,75.5882180795039,29.35988637168897,73.37026851733901,29.025927630764684,72.85272910471949,0.97964936,1474.0
new_images/NORMAL/arduino/arduino_45.jpg,NORMAL_arduino_45.jpg,29.112765596207485,74.02230309966271,28.958740929385684,71.1792280318075,29.049128212785316,71.90347903479113,0.9799699,1531.0
new_images/NORMAL/arduino/arduino_46.jpg,NORMAL_arduino_46.jpg,29.56725146478953,74.65459760262509,29.151411279907865,70.76562379511051,28.661916999934096,71.18482252576521,0.97959447,1583.0
new_images/NORMAL/arduino/arduino_47.jpg,NORMAL_arduino_47.jpg,29.141703569967845,75.08750038396519,29.08888715642502,71.40614942825016,28.824063209202784,72.28023960314697,0.97524196,1635.0
new_images/NORMAL/arduino/arduino_5.jpg,NORMAL_arduino_5.jpg,28.37955461046063,74.1586970297123,28.124236066442545,67.4998015055846,27.77356974202772,70.929384661753,0.969375,1393.0
new_images/NORMAL/arduino/arduino_6.jpg,NORMAL_arduino_6.jpg,28.71173741274616,73.60876894901911,28.553251602634216,68.03474815430745,28.49384977194884,69.58836554743522,0.9691007,1338.0
new_images/NORMAL/arduino/arduino_7.jpg,NORMAL_arduino_7.jpg,27.989256061230197,73.17336096582629,27.91962584509769,66.99132139050427,27.57978254776394,70.17992050959461,0.9716085,1283.0
new_images/NORMAL/arduino/arduino_8.jpg,NORMAL_arduino_8.jpg,28.677961604180197,74.82741094098962,28.516415152675176,68.2039255803214,28.123816427428068,72.34770247679162,0.9755396,1226.0
new_images/NORMAL/arduino/arduino_9.jpg,NORMAL_arduino_9.jpg,27.04521191734909,72.77094722512241,27.088447157878104,65.88014099595543,26.71409366689562,68.40032735477726,0.9801288,1171.0
new_images/NORMAL/fork/fork_1.jpg,NORMAL_fork_1.jpg,47.92801596672006,57.45541111737576,45.34321104856211,57.24431004815141,44.59457606924328,53.25735227699135,0.9513901,1613.0
new_images/NORMAL/fork/fork_10.jpg,NORMAL_fork_10.jpg,46.418726245117234,80.37328992286362,43.58002230868124,64.19632695927181,43.28512266513521,58.5276113349951,0.83937603,1108.0
new_images/NORMAL/fork/fork_11.jpg,NORMAL_fork_11.jpg,46.21431013157613,64.92644865735653,43.685700346196285,81.52471785702062,43.42953208739701,62.85622778940179,0.8656179,1047.0
new_images/NORMAL/fork/fork_12.jpg,NORMAL_fork_12.jpg,47.25793032586608,67.74292913607592,46.13256256694457,67.29588589318615,45.570884870051685,69.0959151485378,0.9439793,983.0
new_images/NORMAL/fork/fork_13.jpg,NORMAL_fork_13.jpg,47.08859850518063,58.53895335206768,44.91181430684538,57.01952545108269,44.65396714654985,57.47752695522737,0.9546978,927.0
new_images/NORMAL/fork/fork_14.jpg,NORMAL_fork_14.jpg,46.59420215001984,73.19472004973352,45.2183794948006,69.83785470941403,44.7147515973942,67.52192828184094,0.90982735,860.0
new_images/NORMAL/fork/fork_15.jpg,NORMAL_fork_15.jpg,46.6952348847021,64.94431542234437,45.39549319557104,79.05589983599252,44.91645944409528,67.51863905928899,0.9160647,790.0
new_images/NORMAL/fork/fork_16.jpg,NORMAL_fork_16.jpg,47.68858882528793,59.57193216407261,45.3555090214168,58.0202847334721,44.89932660208822,57.75857900737861,0.9563874,719.0
new_images/NORMAL/fork/fork_17.jpg,NORMAL_fork_17.jpg,45.842259210825,53.06055435162508,43.582977340581024,52.63619508934279,42.99888963157783,54.6200261637748,0.83551127,649.0
new_images/NORMAL/fork/fork_18.jpg,NORMAL_fork_18.jpg,45.75833952507259,60.36999136315018,43.28453582036446,55.68844125718493,43.17328089408682,51.39970288753543,0.81627977,574.0
new_images/NORMAL/fork/fork_19.jpg,NORMAL_fork_19.jpg,47.04685447212652,77.29504370610753,45.10247740293147,66.67330681007125,44.62097301313463,82.42584679091135,0.9289005,494.0
new_images/NORMAL/fork/fork_2.jpg,NORMAL_fork_2.jpg,47.85238429157023,63.625395626346304,44.75207938389119,63.73641350667934,44.45375127707635,62.866321485320086,0.8842555,1558.0
new_images/NORMAL/fork/fork_20.jpg,NORMAL_fork_20.jpg,47.62710693611535,71.15006482672241,44.660159468479286,71.89682012057503,44.39835456868459,73.05881579684973,0.87536544,416.0
new_images/NORMAL/fork/fork_21.jpg,NORMAL_fork_21.jpg,48.16586968595259,63.95158966000167,45.123997709321294,74.0665154721937,44.67162142895443,67.75265136135306,0.94298106,337.6
new_images/NORMAL/fork/fork_22.jpg,NORMAL_fork_22.jpg,47.43720808539959,65.2869258853222,45.4395476203678,72.31079095742825,44.86815432649192,64.98918632784654,0.90076745,256.1
new_images/NORMAL/fork/fork_23.jpg,NORMAL_fork_23.jpg,48.16822152731162,68.73932526257059,45.26663187198657,63.58218420412607,45.03762468159124,59.55809652579512,0.9005459,173.4
new_images/NORMAL/fork/fork_24.jpg,NORMAL_fork_24.jpg,44.46613533193575,72.10786556987834,42.53410904319927,64.35450493374944,42.31176642757249,76.74408104865657,0.82943064,88.1
new_images/NORMAL/fork/fork_25.jpg,NORMAL_fork_25.jpg,47.34949083068533,61.47816691733188,44.8203409294703,58.44201578374994,44.59454062580467,56.29473613193083,0.921987,175.1
new_images/NORMAL/fork/fork_26.jpg,NORMAL_fork_26.jpg,46.3282327526176,65.18161789466012,44.18003326737286,60.810114879718725,43.711745041925965,56.58291105797455,0.8573831,260.9
new_images/NORMAL/fork/fork_27.jpg,NORMAL_fork_27.jpg,47.72019848816641,76.66225836002722,45.56866951637996,65.99505411750195,45.18586307931079,84.31917179982756,0.957141,344.7
new_images/NORMAL/fork/fork_28.jpg,NORMAL_fork_28.jpg,46.88562323553366,60.50261551798652,44.05763881774016,61.33380387863856,43.79940701737071,74.73244086978079,0.7239802,428.0
new_images/NORMAL/fork/fork_29.jpg,NORMAL_fork_29.jpg,48.408327191641895,66.69040410733767,46.19627505538792,81.45443776798638,45.72232314016134,68.29640821448811,0.94676006,510.0
new_images/NORMAL/fork/fork_3.jpg,NORMAL_fork_3.jpg,48.132393291323226,59.131909506837175,46.16840211318141,59.85583341468234,45.53617164143784,53.351083948721566,0.96074706,1503.0
new_images/NORMAL/fork/fork_30.jpg,NORMAL_fork_30.jpg,47.03729556423193,62.80784890441189,45.22996945565933,58.84147355748891,44.5179329448753,56.6645895477659,0.8652046,594.0
new_images/NORMAL/fork/fork_31.jpg,NORMAL_fork_31.jpg,47.954073241301394,70.87226898302657,46.26419068249409,85.7771725655103,45.48080045334012,69.55187224006818,0.9378934,672.0
new_images/NORMAL/fork/fork_32.jpg,NORMAL_fork_32.jpg,47.67946342649935,66.08554213147369,45.69142068262831,65.7255215368727,45.47120955547037,64.69271411306879,0.9545599,752.0
new_images/NORMAL/fork/fork_33.jpg,NORMAL_fork_33.jpg,46.85816359674931,56.38383678364162,44.93184104291936,55.08257553364725,44.406653985747184,56.68487796816978,0.8259362,798.0
new_images/NORMAL/fork/fork_34.jpg,NORMAL_fork_34.jpg,47.269973712047424,63.15306605873943,45.18583515430274,62.36858226268964,44.82024397915612,76.77202485496943,0.9126993,827.0
new_images/NORMAL/fork/fork_35.jpg,NORMAL_fork_35.jpg,47.042117653580746,66.47572973516775,44.87639853365108,63.25339725075884,44.46605184395738,58.772316388787,0.9721599,901.0
new_images/NORMAL/fork/fork_37.jpg,NORMAL_fork_37.jpg,47.42847501842434,82.31886620534404,44.83257562845024,65.30004735747815,44.21434513788734,62.076176858222624,0.85639715,1037.0
new_images/NORMAL/fork/fork_38.jpg,NORMAL_fork_38.jpg,45.02346704638087,70.46360784706407,42.24106030207662,66.68778623540463,42.30084216739648,76.58083131234471,0.8379679,1104.0
new_images/NORMAL/fork/fork_39.jpg,NORMAL_fork_39.jpg,45.80171786278435,69.05792897535943,44.94205623032703,64.26028500531444,44.19499406041368,64.10199194363243,0.8578629,1170.0
new_images/NORMAL/fork/fork_4.jpg,NORMAL_fork_4.jpg,46.54260107466626,79.38569525494572,43.99883441721271,63.94387434585134,43.679007827861525,58.62814918231011,0.8240608,1448.0
new_images/NORMAL/fork/fork_40.jpg,NORMAL_fork_40.jpg,47.33360046852599,77.51163174026264,44.982527279118806,64.75199877124335,44.705319096898926,84.23615794104803,0.95147496,1235.0
new_images/NORMAL/fork/fork_41.jpg,NORMAL_fork_41.jpg,46.70582504230007,56.45000011002952,44.65961023738098,49.23792992310381,44.357601000201264,54.06048376841113,0.80491877,1299.0
new_images/NORMAL/fork/fork_42.jpg,NORMAL_fork_42.jpg,48.147919821729815,59.879953077380215,45.36420589203868,57.48816577200633,44.56959670691764,57.44387894932755,0.93222713,1359.0
new_images/NORMAL/fork/fork_43.jpg,NORMAL_fork_43.jpg,46.6553338122112,83.28415878793805,44.725661956875605,83.47519674976958,44.29076467998154,83.74209010002669,0.5671626,1419.0
new_images/NORMAL/fork/fork_44.jpg,NORMAL_fork_44.jpg,40.602703544321095,52.80066615457593,39.175114115624766,49.41166443634665,39.10844843268176,46.49335364242835,0.938033,1474.0
new_images/NORMAL/fork/fork_45.jpg,NORMAL_fork_45.jpg,40.67213475850564,59.72620175807262,40.125028935174754,57.10579787164259,39.9053056398504,55.12068609455125,0.91342676,1531.0
new_images/NORMAL/fork/fork_46.jpg,NORMAL_fork_46.jpg,45.16374515950334,73.84502084264643,43.095548092953855,75.20330256476403,43.11375389571997,74.47167274785923,0.6764977,1583.0
new_images/NORMAL/fork/fork_47.jpg,NORMAL_fork_47.jpg,47.15440235603442,67.33365114875286,44.91012810045445,63.79882145735239,44.70269841586437,58.321071620712544,0.93644273,1635.0
new_images/NORMAL/fork/fork_5.jpg,NORMAL_fork_5.jpg,45.51141389110301,58.94557828129508,42.99639699231771,73.5735374297166,43.03397585886587,65.2205410734096,0.85876065,1393.0
new_images/NORMAL/fork/fork_6.jpg,NORMAL_fork_6.jpg,42.90707753691094,58.23574437630492,41.71379264946946,57.00885152658577,41.32382693845654,56.171809620485256,0.85193527,1338.0
new_images/NORMAL/fork/fork_7.jpg,NORMAL_fork_7.jpg,46.27261266839946,73.23621497717603,44.63015427728256,66.97441390683423,44.22209676293448,81.74919038868636,0.7998469,1283.0
new_images/NORMAL/fork/fork_8.jpg,NORMAL_fork_8.jpg,46.61575715468072,59.29879118455339,45.65927198764078,56.33854278166292,45.04762183539428,55.7742895074612,0.9380421,1226.0
new_images/NORMAL/fork/fork_9.jpg,NORMAL_fork_9.jpg,45.70483193631051,65.5924826719982,43.440966732608295,80.29513869528104,43.332033434028666,62.38454585722124,0.811122,1171.0
new_images/NORMAL/lego/lego_1.jpg,NORMAL_lego_1.jpg,44.85069856261755,78.24146579796071,43.13310578120432,82.36701562032665,42.976000196411306,79.96352041418301,0.87407553,1613.0
new_images/NORMAL/lego/lego_10.jpg,NORMAL_lego_10.jpg,46.00230971937982,77.67895213756925,43.86571731407563,82.58273120379747,43.76693516474826,80.2597307566995,0.80651414,1108.0
new_images/NORMAL/lego/lego_11.jpg,NORMAL_lego_11.jpg,47.119675236224666,83.07057091453096,44.00315916491741,78.92209919310834,43.86093307964713,84.12753578536959,0.84618884,1047.0
new_images/NORMAL/lego/lego_12.jpg,NORMAL_lego_12.jpg,46.92453674185287,76.73503024597255,44.490933238493646,82.91422482111227,44.2379591450712,79.5944581525312,0.8391844,983.0
new_images/NORMAL/lego/lego_13.jpg,NORMAL_lego_13.jpg,24.255812431835697,70.15544801357258,23.82656071823465,70.15498049929474,23.662855381935398,71.96623084214478,0.87302345,927.0
new_images/NORMAL/lego/lego_14.jpg,NORMAL_lego_14.jpg,45.2223173456548,83.07736626616578,43.27946150536585,79.77847794035317,42.99896948570468,84.2682457711887,0.85747945,860.0
new_images/NORMAL/lego/lego_15.jpg,NORMAL_lego_15.jpg,46.323775987498784,81.93882463492383,44.80557449885939,82.1782995693522,44.37078931509383,86.25806178636577,0.858939,790.0
new_images/NORMAL/lego/lego_16.jpg,NORMAL_lego_16.jpg,44.96221788709259,83.18590817405412,42.80058978132029,83.14798585363015,42.82857407537924,77.66653389255426,0.81270534,719.0
new_images/NORMAL/lego/lego_17.jpg,NORMAL_lego_17.jpg,46.34850237968328,82.89757159740034,43.69111111089036,79.56024231034498,43.31802712226669,85.11257000582475,0.86240965,649.0
new_images/NORMAL/lego/lego_18.jpg,NORMAL_lego_18.jpg,46.75683235130218,77.42561731567002,44.84222596562831,82.27474097652826,44.258073629613854,80.62081324327698,0.8164193,574.0
new_images/NORMAL/lego/lego_19.jpg,NORMAL_lego_19.jpg,42.81697138045198,76.46849500300972,41.52430549748679,81.11460612660844,41.22272012277923,78.92814861400605,0.85769385,494.0
new_images/NORMAL/lego/lego_2.jpg,NORMAL_lego_2.jpg,41.76413848514818,81.41141429145851,40.37892304427246,76.69418713750754,40.169066294349896,81.8988669970861,0.80999863,1558.0
new_images/NORMAL/lego/lego_20.jpg,NORMAL_lego_20.jpg,46.28254102137287,77.33757967823072,44.10935482702249,82.62312619692382,43.823056589763326,79.18577985891214,0.8108174,416.0
new_images/NORMAL/lego/lego_21.jpg,NORMAL_lego_21.jpg,45.27863828425655,78.70302662944336,43.09466229707838,82.87438928060264,43.11226460280299,80.04405671240646,0.83486795,337.6
new_images/NORMAL/lego/lego_22.jpg,NORMAL_lego_22.jpg,37.658722730144405,75.1445879987501,36.53761537759012,78.09432009396744,36.45024193280309,75.92349182463278,0.88017136,256.1
new_images/NORMAL/lego/lego_23.jpg,NORMAL_lego_23.jpg,39.39702322933246,79.70915633209653,37.98330955924328,77.76017692790342,37.977428871428536,85.44491273265243,0.84544885,173.4
new_images/NORMAL/lego/lego_24.jpg,NORMAL_lego_24.jpg,46.512241518885226,77.72619291588536,44.83327645253172,83.67590611128473,44.60486434380065,81.55646221438016,0.8315412,88.1
new_images/NORMAL/lego/lego_25.jpg,NORMAL_lego_25.jpg,44.184536211874935,76.53400135412484,42.088081048653486,81.39747222993083,41.87544340561264,78.90502960769412,0.8460183,175.1
new_images/NORMAL/lego/lego_26.jpg,NORMAL_lego_26.jpg,46.546667884870274,83.5426968362526,44.50434071088279,79.19693375305722,44.06954413530063,84.66949063640396,0.8234013,260.9
new_images/NORMAL/lego/lego_27.jpg,NORMAL_lego_27.jpg,40.86331759446838,78.87407824702878,40.2008152633688,81.10533771297217,39.8721213742861,86.93404280296838,0.8399321,344.7
new_images/NORMAL/lego/lego_28.jpg,NORMAL_lego_28.jpg,45.82527698555099,82.85711117556515,43.95634583886806,79.33061342190237,43.81753966079285,84.56238784481272,0.82631797,428.0
new_images/NORMAL/lego/lego_29.jpg,NORMAL_lego_29.jpg,45.02006496572108,76.73369514026932,43.92807976280521,81.34249151119958,43.56402243186082,81.28499583468736,0.82776,510.0
new_images/NORMAL/lego/lego_3.jpg,NORMAL_lego_3.jpg,49.57875149523623,73.99294586937765,47.57704732430087,72.88903572276931,46.78002002391085,74.32320599414443,0.7973,1503.0
new_images/NORMAL/lego/lego_30.jpg,NORMAL_lego_30.jpg,45.45432941850317,82.69407347122733,43.90763980599884,80.80909614597753,43.709552533043485,86.0420293600865,0.8439301,594.0
new_images/NORMAL/lego/lego_31.jpg,NORMAL_lego_31.jpg,39.9767662016014,76.97204942796176,39.26950997377287,80.87166182036037,38.944026481500615,77.87474316864721,0.8797845,672.0
new_images/NORMAL/lego/lego_32.jpg,NORMAL_lego_32.jpg,43.03900790881095,76.38485698164156,41.17743359324849,80.08484766839051,41.367011783178135,79.85989318472954,0.7617024,752.0
new_images/NORMAL/lego/lego_33.jpg,NORMAL_lego_33.jpg,46.08904361827632,81.92323220267308,43.54389542740814,78.60980377151914,43.25162667318471,85.20400665330712,0.82034254,798.0
new_images/NORMAL/lego/lego_34.jpg,NORMAL_lego_34.jpg,45.2398340500553,82.3732803843895,43.95086073377823,81.95572173992183,43.4736503526068,86.01705003579711,0.8248098,827.0
new_images/NORMAL/lego/lego_35.jpg,NORMAL_lego_35.jpg,46.48823327825368,83.7909616398168,44.76936950948725,80.51469189316924,44.26819497040172,84.71391064921941,0.90075475,901.0
new_images/NORMAL/lego/lego_36.jpg,NORMAL_lego_36.jpg,43.24772146976519,82.63446570962432,41.69745898657974,78.08488284051607,41.29166161541808,81.06965064960139,0.8546224,973.0
new_images/NORMAL/lego/lego_37.jpg,NORMAL_lego_37.jpg,46.491299775991536,77.24492942234983,44.07412474162101,82.27809013673678,43.417069735812944,79.15125252724994,0.8122804,1037.0
new_images/NORMAL/lego/lego_38.jpg,NORMAL_lego_38.jpg,41.09149306692488,79.26411141188977,40.66020221630524,75.98899899069106,39.91769657683168,80.08342960962887,0.81834936,1104.0
new_images/NORMAL/lego/lego_39.jpg,NORMAL_lego_39.jpg,45.16317500512127,77.95555204808794,44.14886748264331,80.73303980160476,43.55282706851213,82.01562730163221,0.8102244,1170.0
new_images/NORMAL/lego/lego_4.jpg,NORMAL_lego_4.jpg,44.52066205620532,82.16862231596753,43.59576762555181,82.02869419071962,43.277419767453736,86.86253933877377,0.7925152,1448.0
new_images/NORMAL/lego/lego_40.jpg,NORMAL_lego_40.jpg,47.01867405485339,83.3942012416608,44.535009614957104,78.8383011731233,44.4542621046715,85.4994932832868,0.87116915,1235.0
new_images/NORMAL/lego/lego_41.jpg,NORMAL_lego_41.jpg,44.50673618647207,77.56648459550992,43.48326057941475,82.07610124942715,42.87399577140712,79.56805820615148,0.81398165,1299.0
new_images/NORMAL/lego/lego_42.jpg,NORMAL_lego_42.jpg,38.37040839316787,74.760165471124,37.15400802090869,79.41760349639458,37.08218722219738,76.66284096488504,0.86201847,1359.0
new_images/NORMAL/lego/lego_43.jpg,NORMAL_lego_43.jpg,46.40497919862861,82.44906733998971,44.04323414289001,78.60950460902316,43.82185448558237,83.18905615140059,0.8467945,1419.0
new_images/NORMAL/lego/lego_44.jpg,NORMAL_lego_44.jpg,43.79588491066284,82.79321508560928,42.41280250080419,78.9895077420053,42.31315352268076,85.39846210419832,0.8311012,1474.0
new_images/NORMAL/lego/lego_45.jpg,NORMAL_lego_45.jpg,45.99728753996208,78.88222113856773,44.11118729002658,84.08603911642132,43.87349232729321,86.7593435398174,0.8557417,1531.0
new_images/NORMAL/lego/lego_46.jpg,NORMAL_lego_46.jpg,44.643637802257295,76.92588352121464,42.5258717322703,81.54830890486818,42.48754208752124,78.81147402267526,0.8045527,1583.0
new_images/NORMAL/lego/lego_47.jpg,NORMAL_lego_47.jpg,43.69023072829693,81.96481158672029,41.88865103062994,79.88648610041803,41.67835205933585,86.08832407408234,0.85984814,1635.0
new_images/NORMAL/lego/lego_5.jpg,NORMAL_lego_5.jpg,46.09441397303742,83.16591650891529,43.87202620303423,80.18374321468886,43.631081215928944,84.66094208520475,0.8501921,1393.0
new_images/NORMAL/lego/lego_6.jpg,NORMAL_lego_6.jpg,46.12161283838677,83.80911830256298,44.37327200056657,77.99240679848856,43.973928463904734,83.26381268079058,0.79519755,1338.0
new_images/NORMAL/lego/lego_7.jpg,NORMAL_lego_7.jpg,46.67379409340217,83.14066371679417,44.42811601096709,79.02729800012843,44.025755906738524,83.96250469509597,0.8278011,1283.0
new_images/NORMAL/lego/lego_8.jpg,NORMAL_lego_8.jpg,45.53373950441775,76.63411094619832,44.31025867039708,81.8013372671624,44.060351596997954,80.4507720395714,0.8027521,1226.0
new_images/NORMAL/lego/lego_9.jpg,NORMAL_lego_9.jpg,39.63295743575247,75.44593935687405,38.58233530026691,80.34483930603771,38.48408739516748,77.41366508704311,0.8392566,1171.0
new_images/NORMAL/marker/marker_1.jpg,NORMAL_marker_1.jpg,36.90382201064079,34.90413051211407,37.46898547069205,32.133015345756654,37.81461540736116,30.559838385745586,0.9351118,1613.0
new_images/NORMAL/marker/marker_10.jpg,NORMAL_marker_10.jpg,42.16504232502125,47.83346562737274,42.59012135481357,43.92121704865253,43.61644800479269,36.563365332230376,0.70443213,1108.0
new_images/NORMAL/marker/marker_12.jpg,NORMAL_marker_12.jpg,39.73162645451921,42.99073613993009,39.56776643218693,41.30082802599827,40.76157517567825,35.66399546828921,0.8338083,983.0
new_images/NORMAL/marker/marker_13.jpg,NORMAL_marker_13.jpg,33.26407178533574,37.04193387527506,33.87804104043878,35.168304831115755,34.471732015663534,34.196099676283964,0.8456273,927.0
new_images/NORMAL/marker/marker_14.jpg,NORMAL_marker_14.jpg,34.520401799980526,38.68607497099601,34.97003230252968,36.51945918403203,35.62294825692326,34.10054425356441,0.883159,860.0
new_images/NORMAL/marker/marker_15.jpg,NORMAL_marker_15.jpg,41.35622228774746,43.48483706928712,41.831460781463406,41.38576297857677,42.70104544300004,34.80479392035836,0.75918525,790.0
new_images/NORMAL/marker/marker_16.jpg,NORMAL_marker_16.jpg,41.38016243179749,43.53945010037354,41.39258037229067,42.62095384035438,42.505741028137365,33.99782554700764,0.8217599,719.0
new_images/NORMAL/marker/marker_17.jpg,NORMAL_marker_17.jpg,43.59074179297398,47.84117928354164,43.78412240755774,46.32704814194782,44.39035336354025,42.50200666260894,0.41347122,649.0
new_images/NORMAL/marker/marker_18.jpg,NORMAL_marker_18.jpg,46.14298923180978,25.962200054881286,46.630675062353895,25.37147014601541,47.32483385804285,24.761315392638203,0.51430595,574.0
new_images/NORMAL/marker/marker_19.jpg,NORMAL_marker_19.jpg,37.326589146749626,40.51816394055342,37.380492281689534,39.54472822811728,38.31944479053401,33.8322575750496,0.8762743,494.0
new_images/NORMAL/marker/marker_2.jpg,NORMAL_marker_2.jpg,41.235856137642166,44.49643442697109,41.75888170086258,43.08424085044818,41.96587155058263,35.985563780511235,0.6587517,1558.0
new_images/NORMAL/marker/marker_20.jpg,NORMAL_marker_20.jpg,41.56139780284572,45.237396654643526,41.684941357011645,44.40138078261612,42.64419220887385,35.82071813837702,0.73569775,416.0
new_images/NORMAL/marker/marker_21.jpg,NORMAL_marker_21.jpg,41.264085674948696,44.521081813431536,41.48367629930544,42.73739197602677,42.05529084364621,35.18617479605357,0.7471994,337.6
new_images/NORMAL/marker/marker_22.jpg,NORMAL_marker_22.jpg,43.535695358534014,47.12020863146422,44.10246513014386,43.73730444143491,44.83019038876826,35.51890799903323,0.40783605,256.1
new_images/NORMAL/marker/marker_23.jpg,NORMAL_marker_23.jpg,39.366114021576,40.728096166322025,39.74759715445034,41.88070762459042,40.60604124927102,34.14301771658654,0.79127777,173.4
new_images/NORMAL/marker/marker_24.jpg,NORMAL_marker_24.jpg,36.5205386719325,39.148592791449474,36.99286451439939,37.64429144366983,37.39243810028083,33.31744370300476,0.9000621,88.1
new_images/NORMAL/marker/marker_25.jpg,NORMAL_marker_25.jpg,38.4180516077086,41.76571826868431,38.76084436071479,40.530717401050126,39.49859301071861,33.998217633613805,0.87594694,175.1
new_images/NORMAL/marker/marker_26.jpg,NORMAL_marker_26.jpg,41.97000683542274,41.95953631031598,42.61834692814959,37.7071987853339,43.20779893594313,34.45462671072127,0.7863598,260.9
new_images/NORMAL/marker/marker_27.jpg,NORMAL_marker_27.jpg,42.910205824359416,46.49624948643774,43.40415041718361,43.54578241356106,44.17671657475677,35.12821624087415,0.41404775,344.7
new_images/NORMAL/marker/marker_28.jpg,NORMAL_marker_28.jpg,43.28222226144227,47.20157431363633,43.50935523049385,44.150891734594616,44.26324106466461,35.786905728639155,0.4581587,428.0
new_images/NORMAL/marker/marker_29.jpg,NORMAL_marker_29.jpg,43.30832609536069,46.98772406698373,43.72029447871498,45.35693895820032,44.50976430449119,41.19336202973621,0.45470336,510.0
new_images/NORMAL/marker/marker_3.jpg,NORMAL_marker_3.jpg,40.71670835794776,44.322715190453344,40.71352178329982,41.35946515994733,41.32204986533585,35.569622720609814,0.74244213,1503.0
new_images/NORMAL/marker/marker_30.jpg,NORMAL_marker_30.jpg,27.03604814512571,30.24394299855649,27.40085378586668,29.239170941683728,27.97834534349239,26.76125360068319,0.75381464,594.0
new_images/NORMAL/marker/marker_31.jpg,NORMAL_marker_31.jpg,41.36162189073464,45.2313084122465,42.07576903047849,42.004330026318655,42.62837148608372,34.28354953287811,0.69886005,672.0
new_images/NORMAL/marker/marker_32.jpg,NORMAL_marker_32.jpg,42.48468468942335,31.464986332295123,43.03718792243323,37.00140096766634,43.56940078429967,43.27669451296438,0.4521579,752.0
new_images/NORMAL/marker/marker_33.jpg,NORMAL_marker_33.jpg,41.62944670943074,42.90040329258029,41.75791342168971,37.09001213851391,42.31137606326795,40.25318687799633,0.7564196,798.0
new_images/NORMAL/marker/marker_34.jpg,NORMAL_marker_34.jpg,40.04765872227492,38.59568273574474,40.44687101618616,35.9468221408372,40.79033776043463,32.07624860940055,0.8828398,827.0
new_images/NORMAL/marker/marker_35.jpg,NORMAL_marker_35.jpg,40.74031068533541,44.01270893191886,41.21419236495512,42.52224653167876,42.09324112719072,41.562211540148645,0.71705717,901.0
new_images/NORMAL/marker/marker_36.jpg,NORMAL_marker_36.jpg,43.47114170981462,29.28558700778771,43.73494899835701,31.397201642931137,44.63236464780669,32.85151715680129,0.5180168,973.0
new_images/NORMAL/marker/marker_37.jpg,NORMAL_marker_37.jpg,41.47288056126089,43.625942001900455,41.930668819544486,43.22110962337808,42.40847551862768,35.092067282895364,0.8347973,1037.0
new_images/NORMAL/marker/marker_38.jpg,NORMAL_marker_38.jpg,43.24507031756144,39.40164515266423,43.61895274068881,39.38597341644338,44.38480701490094,36.64422903475444,0.6275346,1104.0
new_images/NORMAL/marker/marker_39.jpg,NORMAL_marker_39.jpg,42.93244437031672,32.316402421005506,43.634680683076425,42.06246105614285,44.55410035354819,39.933941994040495,0.35442802,1170.0
new_images/NORMAL/marker/marker_4.jpg,NORMAL_marker_4.jpg,21.42925968889367,23.64475452404404,21.543682912573235,23.288463302914103,21.71509410566178,21.20806861918862,0.89222574,1448.0
new_images/NORMAL/marker/marker_40.jpg,NORMAL_marker_40.jpg,43.62417247349127,47.56892642619994,44.00503750273693,43.82380034479086,44.47466350589054,34.596388424873304,0.46458477,1235.0
new_images/NORMAL/marker/marker_41.jpg,NORMAL_marker_41.jpg,32.98352263966738,36.56666514683072,32.67054254099309,34.77484240330467,33.40264754392491,33.45451096081408,0.7780558,1299.0
new_images/NORMAL/marker/marker_42.jpg,NORMAL_marker_42.jpg,42.53419421440985,46.62487694600503,42.91067298469262,42.557538785684834,43.58995899264772,36.04907532364288,0.61211693,1359.0
new_images/NORMAL/marker/marker_43.jpg,NORMAL_marker_43.jpg,36.47961241451971,40.3302974240568,36.56186282023664,37.85948718284536,37.39866477339213,34.18140689311015,0.91921663,1419.0
new_images/NORMAL/marker/marker_44.jpg,NORMAL_marker_44.jpg,42.39019829577097,46.578276392430816,42.551406359364,43.56783951917031,43.42556210300785,34.502005677818815,0.63677144,1474.0
new_images/NORMAL/marker/marker_45.jpg,NORMAL_marker_45.jpg,39.95072657194789,41.39585748867855,39.98447513513917,39.96898326869221,40.68952224213513,32.56801413789994,0.7853067,1531.0
new_images/NORMAL/marker/marker_46.jpg,NORMAL_marker_46.jpg,41.25945046415629,42.75785134345549,41.75481333605019,44.54495566764145,42.62798356290019,34.6626386282493,0.78515506,1583.0
new_images/NORMAL/marker/marker_47.jpg,NORMAL_marker_47.jpg,40.34400675655356,42.77603233394158,40.59251259768303,41.8908045538975,41.104608884257466,34.808909073563804,0.7475223,1635.0
new_images/NORMAL/marker/marker_5.jpg,NORMAL_marker_5.jpg,38.20294650321854,41.09328272806224,38.82277306341387,40.78806287795127,39.4683837517097,34.85711168525257,0.8514974,1393.0
new_images/NORMAL/marker/marker_6.jpg,NORMAL_marker_6.jpg,37.3508245274712,35.313110633354526,37.2873036903053,34.63726948653277,37.83996285502404,30.340503966255856,0.92122036,1338.0
new_images/NORMAL/marker/marker_7.jpg,NORMAL_marker_7.jpg,38.07858992159067,39.459617706359744,38.22070359320616,34.63734028980811,39.10417687799547,37.70697427772226,0.907309,1283.0
new_images/NORMAL/marker/marker_8.jpg,NORMAL_marker_8.jpg,38.93248111715332,39.92850692544018,39.22048939259229,40.58454157039968,40.29172545861121,33.29545172578595,0.8003806,1226.0
new_images/NORMAL/marker/marker_9.jpg,NORMAL_marker_9.jpg,43.54429284455728,26.045880384458023,43.93202310753498,26.94856764212752,44.52760665191176,27.33573849378108,0.34746137,1171.0
new_images/NORMAL/pen/pen_1.jpg,NORMAL_pen_1.jpg,39.88379140261588,41.16276616014324,40.06558473611628,40.404035232296685,40.70225175747477,36.66864967899753,0.30469573,1613.0
new_images/NORMAL/pen/pen_10.jpg,NORMAL_pen_10.jpg,43.443864019993136,45.31491331454078,43.591112004788805,43.68642412055911,44.04239537835767,44.26491325163681,0.38611352,1108.0
new_images/NORMAL/pen/pen_11.jpg,NORMAL_pen_11.jpg,41.334949355169705,24.97622326123511,41.52469097943416,12.807891916161568,41.6824370097683,18.36823044211826,0.30016407,1047.0
new_images/NORMAL/pen/pen_12.jpg,NORMAL_pen_12.jpg,42.52307583753101,39.54151843873439,42.652718870938735,40.7134967482235,43.398834659773854,41.40982978294877,0.27656677,983.0
new_images/NORMAL/pen/pen_13.jpg,NORMAL_pen_13.jpg,43.51886508677999,12.762878427675991,43.73799160043782,21.96920953972749,44.10914794448106,27.28436629263963,0.2951026,927.0
new_images/NORMAL/pen/pen_14.jpg,NORMAL_pen_14.jpg,40.45056117417354,37.33036795691674,40.49514028818615,39.13699421118252,41.097709808980966,37.567808977911895,0.3448707,860.0
new_images/NORMAL/pen/pen_15.jpg,NORMAL_pen_15.jpg,38.33370649476181,34.324665102882776,38.26999749586265,35.60515651835936,38.68437991641777,33.727776412694624,0.44089863,790.0
new_images/NORMAL/pen/pen_16.jpg,NORMAL_pen_16.jpg,41.37209105785237,21.94644067960455,41.78842023781496,11.65086977182001,42.18752775490629,18.806545876381808,0.2686767,719.0
new_images/NORMAL/pen/pen_17.jpg,NORMAL_pen_17.jpg,41.36248822422033,38.12783046507997,41.54846509529192,38.4784639047737,42.03627479258242,38.334737334717495,0.28513888,649.0
new_images/NORMAL/pen/pen_18.jpg,NORMAL_pen_18.jpg,40.200045915985925,30.902587493924145,40.49989411256353,24.537558914369345,40.95669921926693,15.601673107554891,0.3675943,574.0
new_images/NORMAL/pen/pen_19.jpg,NORMAL_pen_19.jpg,42.55373779026748,43.555563429074624,42.73815219189733,21.64842536970424,43.15602578700216,11.7193219453478,0.31763232,494.0
new_images/NORMAL/pen/pen_21.jpg,NORMAL_pen_21.jpg,42.685203758306194,26.685200590506252,42.66141433035121,26.49666645699669,42.89145213986893,28.278671536847146,0.2854859,337.6
new_images/NORMAL/pen/pen_22.jpg,NORMAL_pen_22.jpg,35.69307768000447,17.791747469921486,35.40412369804383,31.6026608991658,35.81406455979564,36.69355498088085,0.37853196,256.1
new_images/NORMAL/pen/pen_24.jpg,NORMAL_pen_24.jpg,37.84031833055881,34.53594883690175,37.87189043177728,34.650054294708724,38.18798833692933,33.21250829236942,0.440034,88.1
new_images/NORMAL/pen/pen_25.jpg,NORMAL_pen_25.jpg,41.456429232283845,41.61365835366255,41.788006283332095,40.01560760700684,41.92821887696214,39.28448923921815,0.26539716,175.1
new_images/NORMAL/pen/pen_26.jpg,NORMAL_pen_26.jpg,39.95094908573613,36.53871433340603,40.1994644555799,35.84598156627248,40.11851005526981,34.48500233703172,0.32705918,260.9
new_images/NORMAL/pen/pen_27.jpg,NORMAL_pen_27.jpg,40.58242809755486,36.58061527833306,40.923122911279975,37.492111199609134,41.21312253912768,37.38983819167984,0.29681197,344.7
new_images/NORMAL/pen/pen_28.jpg,NORMAL_pen_28.jpg,42.11803903888107,19.16619895852325,42.50903932103046,15.971542868312277,42.56274493570864,34.29906783238451,0.36233634,428.0
new_images/NORMAL/pen/pen_29.jpg,NORMAL_pen_29.jpg,39.543718090641136,38.93827369075506,39.44905095851835,38.099240088851424,40.03708918993075,37.11027266893193,0.28109106,510.0
new_images/NORMAL/pen/pen_3.jpg,NORMAL_pen_3.jpg,41.82834252890351,41.451941359915416,41.82839233561272,41.97630282647218,42.74836939507167,40.965729590943134,0.31885323,1503.0
new_images/NORMAL/pen/pen_30.jpg,NORMAL_pen_30.jpg,42.10689516765303,40.820467667005055,42.3998438532149,44.84481967005408,42.90591268986129,39.80381180670307,0.29727933,594.0
new_images/NORMAL/pen/pen_31.jpg,NORMAL_pen_31.jpg,35.569219488203565,16.755627164229534,35.55019705172767,30.17627724444043,35.862889397502535,38.156694475980665,0.3721591,672.0
new_images/NORMAL/pen/pen_32.jpg,NORMAL_pen_32.jpg,42.39486245930836,40.32953737066904,42.32092957682893,41.15632239615447,42.68773011953772,44.083944281957685,0.30366823,752.0
new_images/NORMAL/pen/pen_33.jpg,NORMAL_pen_33.jpg,42.79843543760257,41.62680799389789,43.24869217675836,40.4051969531441,43.43468735897868,42.545514499175965,0.3361765,798.0
new_images/NORMAL/pen/pen_34.jpg,NORMAL_pen_34.jpg,42.450604004913096,41.55446048752829,42.5125727533672,42.50293087237111,42.8534384503478,38.80515713646415,0.26118714,827.0
new_images/NORMAL/pen/pen_36.jpg,NORMAL_pen_36.jpg,43.03786265055199,40.435371690471165,42.90797241469199,41.31000210420724,43.25026383902255,42.43821078364268,0.2977955,973.0
new_images/NORMAL/pen/pen_37.jpg,NORMAL_pen_37.jpg,43.41389186035031,46.21272462163443,43.67208562555494,45.03761617175634,44.25845667953551,43.596578633982325,0.36603853,1037.0
new_images/NORMAL/pen/pen_39.jpg,NORMAL_pen_39.jpg,41.21371383815505,39.46178565768576,41.559980082339365,39.43109617777628,41.996551519216105,37.77854479856569,0.31819087,1170.0
new_images/NORMAL/pen/pen_4.jpg,NORMAL_pen_4.jpg,41.94682617755006,40.45116948296473,42.38035787147206,40.85866951334283,42.52605654923647,39.82305009470038,0.30559897,1448.0
new_images/NORMAL/pen/pen_40.jpg,NORMAL_pen_40.jpg,41.80196911526514,40.81747449964325,41.90648967442348,40.70016772006435,42.217202455393966,39.53809136735702,0.38896465,1235.0
new_images/NORMAL/pen/pen_42.jpg,NORMAL_pen_42.jpg,41.35782913043121,40.25650766116497,41.74481476426662,39.83047144096508,41.64296823746529,39.37393072335373,0.2500313,1359.0
new_images/NORMAL/pen/pen_43.jpg,NORMAL_pen_43.jpg,40.83868613346939,38.72911375452178,40.97613766602083,41.76040321203977,40.98125126502256,40.63181330202589,0.25921938,1419.0
new_images/NORMAL/pen/pen_45.jpg,NORMAL_pen_45.jpg,41.46711938703348,38.76732673109301,41.74767328638075,39.77474325498404,42.03174228106776,42.29861148329762,0.39466885,1531.0
new_images/NORMAL/pen/pen_5.jpg,NORMAL_pen_5.jpg,43.28700086587417,43.60367041272893,43.24802004651395,42.19237019223413,43.71746354080207,41.64051214635862,0.29045418,1393.0
new_images/NORMAL/pen/pen_6.jpg,NORMAL_pen_6.jpg,42.938803150206944,12.736120367001227,43.36975312485778,20.50001672855552,43.92668554787,25.740127890386304,0.30399385,1338.0
new_images/NORMAL/protoboard/protoboard_1.jpg,NORMAL_protoboard_1.jpg,19.78729326680102,73.6352995992655,20.02868832448167,68.95472727853645,20.14143202333482,73.8615161088453,0.9597715,1613.0
new_images/NORMAL/protoboard/protoboard_10.jpg,NORMAL_protoboard_10.jpg,15.541685222409734,63.798488055433104,15.86163163185589,65.78228392306619,15.761954956628443,59.486067790534776,0.98046994,1108.0
new_images/NORMAL/protoboard/protoboard_11.jpg,NORMAL_protoboard_11.jpg,15.543007774030748,63.93173826201676,15.368716330499971,64.46861287048162,15.531923455230386,59.24678314762468,0.9807962,1047.0
new_images/NORMAL/protoboard/protoboard_12.jpg,NORMAL_protoboard_12.jpg,16.465672282517886,66.70848866549407,16.813422401150405,62.19764167292574,16.78548926843391,70.87547393042206,0.9718388,983.0
new_images/NORMAL/protoboard/protoboard_13.jpg,NORMAL_protoboard_13.jpg,15.790434071288928,68.32686457592736,15.907756316776752,63.940304849329024,16.22224480056933,73.40873952541706,0.97732705,927.0
new_images/NORMAL/protoboard/protoboard_14.jpg,NORMAL_protoboard_14.jpg,16.022558831006222,69.04922327347235,16.139117764082773,63.56277984243062,16.04445766966214,73.86450741938411,0.97012484,860.0
new_images/NORMAL/protoboard/protoboard_15.jpg,NORMAL_protoboard_15.jpg,16.09631738181665,65.56115012946455,16.24195514003266,66.95526072962306,16.260898396071987,61.47995852717539,0.9777156,790.0
new_images/NORMAL/protoboard/protoboard_16.jpg,NORMAL_protoboard_16.jpg,16.047308396451825,66.7645550106607,16.07266844099147,61.49828375145577,16.208654533021345,72.27233546329083,0.9715709,719.0
new_images/NORMAL/protoboard/protoboard_17.jpg,NORMAL_protoboard_17.jpg,12.373423935520728,57.058046077776346,12.443193141455112,53.32933284371006,12.638882783881307,66.22142844183101,0.9694279,649.0
new_images/NORMAL/protoboard/protoboard_18.jpg,NORMAL_protoboard_18.jpg,10.650121694625817,55.71589503162975,10.398182465788,49.827911014598456,10.792118090801385,65.84394727726006,0.9754611,574.0
new_images/NORMAL/protoboard/protoboard_19.jpg,NORMAL_protoboard_19.jpg,8.548381253115183,45.04254542816377,8.476990660589538,46.40525519318789,8.465611150121514,40.41749245246574,0.98793465,494.0
new_images/NORMAL/protoboard/protoboard_2.jpg,NORMAL_protoboard_2.jpg,19.577190476671483,74.92132786643191,20.160820134588484,74.84133440097622,19.951325209222738,70.25559008107736,0.98168486,1558.0
new_images/NORMAL/protoboard/protoboard_20.jpg,NORMAL_protoboard_20.jpg,6.577229904865012,36.652615610388544,6.736110395188965,53.23094078365264,6.676158607313041,70.44513581003156,0.98762894,416.0
new_images/NORMAL/protoboard/protoboard_21.jpg,NORMAL_protoboard_21.jpg,8.451395165705694,48.413951537632734,8.545648095352322,48.47914223148543,8.45620514642325,45.19891637473563,0.99013275,337.6
new_images/NORMAL/protoboard/protoboard_22.jpg,NORMAL_protoboard_22.jpg,5.904988311578317,41.22427925278451,5.825826477623287,38.50700687428719,5.735967176025717,52.67921571265787,0.9909354,256.1
new_images/NORMAL/protoboard/protoboard_23.jpg,NORMAL_protoboard_23.jpg,5.678113268790073,42.32040654195731,5.7280495122928,42.3849845296686,5.494454099250027,42.21874465210921,0.9868331,173.4
new_images/NORMAL/protoboard/protoboard_24.jpg,NORMAL_protoboard_24.jpg,16.394058506696496,70.10902395202898,16.48707860998488,69.5899169651026,16.22140593218315,71.45442214757911,0.96254146,88.1
new_images/NORMAL/protoboard/protoboard_25.jpg,NORMAL_protoboard_25.jpg,16.1125488911852,70.66014261623533,16.119938538940787,71.41219212555637,16.102084396548797,67.9834320204032,0.9493128,175.1
new_images/NORMAL/protoboard/protoboard_26.jpg,NORMAL_protoboard_26.jpg,11.759724026612988,59.23809347753536,11.746009221811846,58.95190199289361,11.593527667496472,59.318249228250345,0.9724963,260.9
new_images/NORMAL/protoboard/protoboard_27.jpg,NORMAL_protoboard_27.jpg,8.91122789737132,48.86008737272216,8.901081481663331,43.200119891579696,8.738006302777341,58.97116747342525,0.98057044,344.7
new_images/NORMAL/protoboard/protoboard_28.jpg,NORMAL_protoboard_28.jpg,7.928334208018933,46.07374559634282,8.021959847538799,39.94276223969016,7.60870184394158,56.41208671836039,0.982669,428.0
new_images/NORMAL/protoboard/protoboard_29.jpg,NORMAL_protoboard_29.jpg,8.807226855720096,46.91854693063247,8.616217991712482,40.99186434126285,8.613546894524152,58.67453051836093,0.9865351,510.0
new_images/NORMAL/protoboard/protoboard_3.jpg,NORMAL_protoboard_3.jpg,19.058546898348343,72.82445057486126,19.265219853083803,65.61427648065705,19.660659785721244,73.42530487259793,0.9708692,1503.0
new_images/NORMAL/protoboard/protoboard_30.jpg,NORMAL_protoboard_30.jpg,9.903188762509531,48.54425417977526,9.752578006751742,50.69845549060026,9.606456378258144,43.35395801392037,0.9860621,594.0
new_images/NORMAL/protoboard/protoboard_31.jpg,NORMAL_protoboard_31.jpg,11.039146725026653,53.243232453406335,10.981565795750116,54.14049289884999,11.01613706563083,47.8857194208776,0.9757056,672.0
new_images/NORMAL/protoboard/protoboard_32.jpg,NORMAL_protoboard_32.jpg,11.944009823326594,55.81705182731897,11.848552236630711,56.55277422032679,11.789975319578302,50.34974399171104,0.97160214,752.0
new_images/NORMAL/protoboard/protoboard_33.jpg,NORMAL_protoboard_33.jpg,14.133550601464824,61.79029094709573,14.306310507991927,61.95451614982685,14.487864077781287,61.2293979724076,0.97980344,798.0
new_images/NORMAL/protoboard/protoboard_34.jpg,NORMAL_protoboard_34.jpg,15.740357360186868,66.46822403560479,15.552938132346927,60.1476066067955,15.790930000896395,73.20483520919242,0.95448625,827.0
new_images/NORMAL/protoboard/protoboard_35.jpg,NORMAL_protoboard_35.jpg,15.742914276678238,65.07483775446154,15.642441869935812,65.83317016272217,16.0561332076016,60.218815215477726,0.9706382,901.0
new_images/NORMAL/protoboard/protoboard_36.jpg,NORMAL_protoboard_36.jpg,15.959267678261082,65.59419541939413,15.930182355407712,62.55568917044116,16.232428400298993,72.4483287833916,0.96891546,973.0
new_images/NORMAL/protoboard/protoboard_37.jpg,NORMAL_protoboard_37.jpg,16.26759677583358,66.1762567663068,16.31958014127981,64.17539426858903,16.376703317663907,61.57220384074976,0.97297716,1037.0
new_images/NORMAL/protoboard/protoboard_38.jpg,NORMAL_protoboard_38.jpg,15.456073509573294,65.25131440871112,15.637798215371989,61.38270177189628,15.663739322156417,71.38743918761502,0.96871555,1104.0
new_images/NORMAL/protoboard/protoboard_39.jpg,NORMAL_protoboard_39.jpg,16.29212198615418,66.99592431761404,16.40888632551499,63.28952820796689,16.364581550439585,72.52868291555195,0.9596106,1170.0
new_images/NORMAL/protoboard/protoboard_4.jpg,NORMAL_protoboard_4.jpg,18.296648429425534,71.31437414970874,18.55563201705803,65.20518043495896,18.631991603452143,72.60801263277108,0.96130073,1448.0
new_images/NORMAL/protoboard/protoboard_40.jpg,NORMAL_protoboard_40.jpg,17.148080201886724,68.25622783595243,17.264660959204075,69.32571111186152,17.45394169052554,64.45442145812332,0.96705943,1235.0
new_images/NORMAL/protoboard/protoboard_41.jpg,NORMAL_protoboard_41.jpg,17.772813963590952,69.98321396228492,18.005164671868766,65.30677831559457,17.938919804436384,73.4115079305077,0.9608291,1299.0
new_images/NORMAL/protoboard/protoboard_42.jpg,NORMAL_protoboard_42.jpg,18.11703954606216,70.33050053184688,18.387733630629626,65.88207659835174,18.34122871603872,74.36537664104664,0.9567228,1359.0
new_images/NORMAL/protoboard/protoboard_43.jpg,NORMAL_protoboard_43.jpg,18.30356799560126,71.1529747763228,18.53556067532383,66.11010064040592,18.67864187585353,74.54310645582909,0.9616359,1419.0
new_images/NORMAL/protoboard/protoboard_44.jpg,NORMAL_protoboard_44.jpg,18.90284104814295,71.22378253182117,19.106261042756397,71.68205193570348,19.152352129969294,66.5377719683906,0.96713966,1474.0
new_images/NORMAL/protoboard/protoboard_45.jpg,NORMAL_protoboard_45.jpg,19.687797310610264,73.34662488939135,20.11032359904951,73.31465811325924,20.23740272702509,69.105071747169,0.97539914,1531.0
new_images/NORMAL/protoboard/protoboard_46.jpg,NORMAL_protoboard_46.jpg,20.55454558329623,74.31847149595887,20.65264416567405,74.13118848754526,20.913414318028035,69.89042046470367,0.9759038,1583.0
new_images/NORMAL/protoboard/protoboard_47.jpg,NORMAL_protoboard_47.jpg,20.615709841864543,75.06152352407274,20.928907440826112,74.84006661252883,21.04566929981097,68.74397562744706,0.98255134,1635.0
new_images/NORMAL/protoboard/protoboard_5.jpg,NORMAL_protoboard_5.jpg,17.896412970822453,69.27740740487044,17.797275969236257,64.0865579721903,17.889743323603433,72.00573408088002,0.9623414,1393.0
new_images/NORMAL/protoboard/protoboard_6.jpg,NORMAL_protoboard_6.jpg,17.6473424624688,69.18399035234089,17.687725140891413,65.08286113549185,17.983739641494356,72.66894562746509,0.94958127,1338.0
new_images/NORMAL/protoboard/protoboard_7.jpg,NORMAL_protoboard_7.jpg,16.446201517897194,67.14027726941539,16.579747832655492,62.78461564285943,16.572311559244433,71.37825405034042,0.9656832,1283.0
new_images/NORMAL/protoboard/protoboard_8.jpg,NORMAL_protoboard_8.jpg,16.071255719969944,66.8757850212889,15.994023707850502,60.34105457266234,16.36894449101713,72.73178645143172,0.97124934,1226.0
new_images/NORMAL/protoboard/protoboard_9.jpg,NORMAL_protoboard_9.jpg,15.764341877363258,65.26498544868667,15.534498877721948,60.39611360174133,15.981259505494066,70.90372134382615,0.96222484,1171.0
